Ashok Singh Gurjar,singhashok0907@gmail.com,SinghAshok,hellothisisashok,21,9521752261
Swastik Amera,amera007@yahoo.com,swastik,hellonopass,26,6893645272
Abhishek Dave,abhishekdave@gmail.com,daveisking,hellodavehere,32,6474833744
Aman Kumar Jangir,aman@yahoo.com,jangirislead,hellojangir,22,7483785938
Akash Arora,akashlate@gmail.com,lateop,helloakashhere,79,7384937364
Ankit Kumar ,ankit@gmail.com,ankitop,helloankit,24,8394758693
Arpit Jain,jainalwaya@gmail.com,arpitaashayein,aasheyeinalways,55,7483928475
Rakshit Lodha,rakshit150@yahoo.com,150aanahai,150quintle,18,6473839202
Abhinav Karela,KaerlaKing@yahoo.com,alwaysking,abtomiljaye,23,8374953474
Kapil Goyal,Goya@gmail.com,kappuandkapilo,iamcute,35,7384938722
Aman Sharma,Sharma@gmail.com,Asharma,helloaman,25,8374936475
